相关 (xiāngguān)	有关系的	这个数据不相关。(Zhège shùjù bù xiāngguān.)	relacionado, pertinente	b2 adj awl
可行 (kěxíng)	能够实行	这个方案不可行。(Zhège fāng'àn bù kěxíng.)	viable	b2 adj awl
不可避免 (bùkě bìmiǎn)	一定会发生	冲突不可避免。(Chōngtū bùkě bìmiǎn.)	inevitable	b2 adj chunk
不可缺少 (bùkě quēshǎo)	绝对必要	你的参与不可缺少。(Nǐ de cānyù bùkě quēshǎo.)	imprescindible	b2 adj chunk
有争议 (yǒu zhēngyì)	引起不同意见	这个决定很有争议。(Zhège juédìng hěn yǒu zhēngyì.)	polémico	b2 adj chunk
微妙 (wēimiào)	细小而难说清	两者有微妙的差别。(Liǎngzhě yǒu wēimiào de chābié.)	sutil	b2 adj
模糊 (móhu)	不清楚，有多种理解	回答很模糊。(Huídá hěn móhu.)	ambiguo, vago	b2 adj awl
一致 (yízhì)	没有矛盾	论点前后一致。(Lùndiǎn qiánhòu yízhì.)	coherente, unánime	b2 adj awl
潜在 (qiánzài)	存在但没显出来	有潜在的问题。(Yǒu qiánzài de wèntí.)	subyacente, potencial	b2 adj awl
根深蒂固 (gēnshēn-dìgù)	扎得很深，难改变	这是根深蒂固的习惯。(Zhè shì gēnshēn-dìgù de xíguàn.)	arraigado	b2 idiom
初步 (chūbù)	刚开始的阶段	这只是初步结果。(Zhè zhǐ shì chūbù jiéguǒ.)	inicial, preliminar	b2 adj awl
巩固 (gǒnggù)	使更稳定	公司巩固了地位。(Gōngsī gǒnggù le dìwèi.)	consolidar	b2 verb awl
归因于 (guīyīn yú)	认为是某个原因造成	他们把错误归因于匆忙。(Tāmen bǎ cuòwù guīyīn yú cōngmáng.)	atribuir a	b2 verb awl chunk
导致 (dǎozhì)	带来某个结果	改动导致了成本上升。(Gǎidòng dǎozhì le chéngběn shàngshēng.)	provocar, conllevar	b2 verb awl
触发 (chūfā)	引起一连串反应	消息触发了抗议。(Xiāoxi chūfā le kàngyì.)	desencadenar	b2 verb
缓解 (huǎnjiě)	使程度减轻	采取措施缓解影响。(Cǎiqǔ cuòshī huǎnjiě yǐngxiǎng.)	mitigar	b2 verb awl
离不开 (lí bu kāi)	不能没有	我们离不开她。(Wǒmen lí bu kāi tā.)	no poder prescindir de	b2 verb chunk
生效 (shēngxiào)	开始有法律效力	新规二〇二四年生效。(Xīn guī 2024 nián shēngxiào.)	entrar en vigor	b2 verb civic
前提 (qiántí)	先要成立的条件	这个前提是错的。(Zhège qiántí shì cuò de.)	premisa, presupuesto	b2 noun awl
证实 (zhèngshí)	确认是事实	我们证实了改善。(Wǒmen zhèngshí le gǎishàn.)	constatar, confirmar	b2 verb awl
排除 (páichú)	去掉一种可能	我们排除了这个假设。(Wǒmen páichú le zhège jiǎshè.)	descartar	b2 verb awl
优先 (yōuxiān)	放在前面考虑	文章优先考虑清晰。(Wénzhāng yōuxiān kǎolǜ qīngxī.)	priorizar	b2 verb awl
支撑 (zhīchēng)	给以支持	数据支撑这个论点。(Shùjù zhīchēng zhège lùndiǎn.)	respaldar	b2 verb
质疑 (zhìyí)	提出怀疑	这让人质疑我们的选择。(Zhè ràng rén zhìyí wǒmen de xuǎnzé.)	poner en cuestión	b2 verb
方式 (fāngshì)	做事的办法	这种方式很创新。(Zhè zhǒng fāngshì hěn chuàngxīn.)	enfoque, modo	b2 noun awl
领域 (lǐngyù)	活动的范围	在法律领域不一样。(Zài fǎlǜ lǐngyù bù yíyàng.)	ámbito, campo	b2 noun awl
偏差 (piānchā)	和标准不一致	样本有偏差。(Yàngběn yǒu piānchā.)	sesgo, desviación	b2 noun awl
空白 (kòngbái)	没有填上的地方	法律上有空白。(Fǎlǜ shang yǒu kòngbái.)	laguna, vacío	b2 noun awl
保留 (bǎoliú)	留下不改；有条件同意	我同意，但有保留。(Wǒ tóngyì, dàn yǒu bǎoliú.)	reserva; reservar	b2 noun
范围 (fànwéi)	所能到的界限	措施的范围有限。(Cuòshī de fànwéi yǒuxiàn.)	alcance	b2 noun awl
障碍 (zhàng'ài)	阻挡的东西	官僚是一个障碍。(Guānliáo shì yí ge zhàng'ài.)	obstáculo	b2 noun
局面 (júmiàn)	整体的状况	经济局面好转了。(Jīngjì júmiàn hǎozhuǎn le.)	panorama, situación	b2 noun
趋势 (qūshì)	可能的走向	趋势是下降。(Qūshì shì xiàjiàng.)	tendencia	b2 noun awl
迹象 (jìxiàng)	可以看出的痕迹	有欺诈的迹象。(Yǒu qīzhà de jìxiàng.)	indicio	b2 noun
手续 (shǒuxù)	办事要走的步骤	手续很复杂。(Shǒuxù hěn fùzá.)	trámite	b2 noun civic
意见 (yìjiàn)	看法；正式的意见	依我的意见，风险太大。(Yī wǒ de yìjiàn…)	opinión; dictamen	b2 noun hsk4
利害关系 (lìhài guānxi)	所牵涉的得失	利害关系很大。(Lìhài guānxi hěn dà.)	lo que está en juego	b2 noun chunk
兴起 (xīngqǐ)	快速发展起来	远程办公的兴起。(Yuǎnchéng bàngōng de xīngqǐ.)	auge	b2 noun
说实话 (shuō shíhuà)	坦率地说	说实话，我不相信。(Shuō shíhuà, wǒ bù xiāngxìn.)	a decir verdad	b2 chunk
总之 (zǒngzhī)	概括起来说	总之，计划成功了。(Zǒngzhī, jìhuà chénggōng le.)	en resumen	b2 conj
至于 (zhìyú)	谈到另一方面	至于预算，还要再看。(Zhìyú yùsuàn, hái yào zài kàn.)	en cuanto a	b2 prep
而 (ér)	表示对比或连接（书面）	一个上升，而另一个下降。(Yí ge shàngshēng, ér lìng yí ge xiàjiàng.)	mientras que; y	b2 conj grammar
鉴于 (jiànyú)	考虑到	鉴于时间紧，我们决定了。(Jiànyú shíjiān jǐn…)	teniendo en cuenta	b2 conj
由于 (yóuyú)	因为（书面）	由于下雨，比赛取消。(Yóuyú xià yǔ, bǐsài qǔxiāo.)	debido a	b2 conj
根据 (gēnjù)	以某个为基础	根据事实，我们改了。(Gēnjù shìshí, wǒmen gǎi le.)	según, a la luz de	b2 prep hsk3
以便 (yǐbiàn)	为了使…方便	我说慢些，以便大家听懂。(Wǒ shuō màn xiē, yǐbiàn dàjiā tīngdǒng.)	de modo que	b2 conj grammar
否则 (fǒuzé)	如果不这样	请确认，否则我取消。(Qǐng quèrèn, fǒuzé wǒ qǔxiāo.)	de lo contrario	b2 conj
另一方面 (lìng yì fāngmiàn)	提出相反的角度	另一方面，成本增加了。(Lìng yì fāngmiàn…)	por otro lado	b2 chunk
即使 (jíshǐ)	就算（后面常用"也"）	即使很难，也要试。(Jíshǐ hěn nán, yě yào shì.)	aunque, incluso si	b2 conj grammar
除非 (chúfēi)	只有在…的条件下	我去，除非下雨。(Wǒ qù, chúfēi xià yǔ.)	a menos que	b2 conj grammar
只要 (zhǐyào)	有这个条件就够	只要你来，我就去。(Zhǐyào nǐ lái, wǒ jiù qù.)	siempre que	b2 conj grammar
考虑到 (kǎolǜ dào)	把某点算进去	要考虑到背景。(Yào kǎolǜ dào bèijǐng.)	tener en cuenta	b2 verb chunk
落实 (luòshí)	把计划变成行动	他们落实了计划。(Tāmen luòshí le jìhuà.)	poner en práctica	b2 verb
有待改进 (yǒu dài gǎijìn)	还不够好	服务有待改进。(Fúwù yǒu dài gǎijìn.)	deja que desear	b2 chunk
牢记 (láojì)	一直记住	牢记截止日期。(Láojì jiézhǐ rìqī.)	tener en mente	b2 verb
受到 (shòudào)	承受某种作用	这件事受到调查。(Zhè jiàn shì shòudào diàochá.)	ser objeto de	b2 verb hsk4
留下 (liúxià)	使剩下；留出	文字留下了疑问。(Wénzì liúxià le yíwèn.)	dejar (lugar a)	b2 verb
冒风险 (mào fēngxiǎn)	让自己面对危险	我们冒了失去一切的风险。(Wǒmen mào le shīqù yíqiè de fēngxiǎn.)	correr el riesgo	b2 verb chunk
采取措施 (cǎiqǔ cuòshī)	正式行动	公司采取了必要措施。(Gōngsī cǎiqǔ le bìyào cuòshī.)	tomar medidas	b2 verb chunk civic
放弃权利 (fàngqì quánlì)	不再主张某个资格	他放弃了这个权利。(Tā fàngqì le zhège quánlì.)	renunciar a un derecho	b2 chunk civic
泡汤 (pào tāng)	计划失败（口语）	项目泡汤了。(Xiàngmù pào tāng le.)	irse al agua	b2 idiom
说错话 (shuō cuò huà)	说了不该说的	他在大家面前说错话了。(Tā zài dàjiā miànqián shuō cuò huà le.)	meter la pata	b2 chunk
小心谨慎 (xiǎoxīn jǐnshèn)	非常谨慎	这个话题要小心谨慎。(Zhège huàtí yào xiǎoxīn jǐnshèn.)	andar con pies de plomo	b2 idiom
睁一只眼闭一只眼 (zhēng yì zhī yǎn bì yì zhī yǎn)	故意不管	检查时睁一只眼闭一只眼。(Jiǎnchá shí…)	hacer la vista gorda	b2 idiom
贵得离谱 (guì de lípǔ)	价格高得不合理	房租贵得离谱。(Fángzū guì de lípǔ.)	costar un ojo de la cara	b2 chunk
大吃一惊 (dà chī yì jīng)	非常意外	听到这个我大吃一惊。(Tīngdào zhège wǒ dà chī yì jīng.)	quedarse de piedra	b2 idiom
有人脉 (yǒu rénmài)	有关系和影响	他在这行有人脉。(Tā zài zhè háng yǒu rénmài.)	tener contactos	b2 chunk
动手 (dòngshǒu)	开始做	大家都动手了。(Dàjiā dōu dòngshǒu le.)	poner manos a la obra	b2 verb
鼓起勇气 (gǔqǐ yǒngqì)	让自己有胆量	我鼓起勇气说了出来。(Wǒ gǔqǐ yǒngqì shuō le chūlái.)	armarse de valor	b2 chunk
重新考虑 (chóngxīn kǎolǜ)	再想一次	我重新考虑了决定。(Wǒ chóngxīn kǎolǜ le juédìng.)	reconsiderar	b2 chunk
实质 (shízhì)	最根本的部分	从实质上说我同意。(Cóng shízhì shang shuō wǒ tóngyì.)	esencia, fondo	b2 noun
支持 (zhīchí)	赞同并帮助	论文得到数据支持。(Lùnwén dédào shùjù zhīchí.)	apoyo; apoyar	b2 verb hsk3
细微差别 (xìwēi chābié)	很小的不同	翻译中细微差别丢了。(Fānyì zhōng xìwēi chābié diū le.)	matiz	b2 chunk
加剧 (jiājù)	变得更严重	争论加剧了。(Zhēnglùn jiājù le.)	recrudecer	b2 verb
拖延 (tuōyán)	进行得太慢	手续拖延让人生气。(Shǒuxù tuōyán ràng rén shēngqì.)	demora, lentitud	b2 noun civic
职权 (zhíquán)	职务上的权限	这不在我的职权内。(Zhè bú zài wǒ de zhíquán nèi.)	competencia	b2 noun civic
对价 (duìjià)	交换中给出的东西	他要求对价。(Tā yāoqiú duìjià.)	contrapartida	b2 noun
欠款 (qiànkuǎn)	没有付的钱	欠款增加了。(Qiànkuǎn zēngjiā le.)	impago, deuda	b2 noun money
落差 (luòchā)	两者之间的差距	工资和通胀有落差。(Gōngzī hé tōngzhàng yǒu luòchā.)	desfase	b2 noun money
然而 (rán'ér)	但是（书面）	然而，还要谨慎。(Rán'ér, hái yào jǐnshèn.)	no obstante	b2 conj
反之 (fǎnzhī)	相反地	反之，成本会下降。(Fǎnzhī, chéngběn huì xiàjiàng.)	por el contrario	b2 conj
固然 (gùrán)	承认一点再转折	固然贵，但是必要。(Gùrán guì, dànshì bìyào.)	ciertamente, si bien	b2 conj
今后 (jīnhòu)	从现在起以后	今后进入受限。(Jīnhòu jìnrù shòuxiàn.)	de ahora en adelante	b2 noun
特别是 (tèbié shì)	尤其	特别是在严重的情况下。(Tèbié shì zài yánzhòng de qíngkuàng xià.)	en particular	b2 chunk
勉强 (miǎnqiǎng)	很吃力才做到	他勉强及格。(Tā miǎnqiǎng jígé.)	a duras penas	b2 adv
逐步 (zhúbù)	一步一步地	情况逐步好转。(Qíngkuàng zhúbù hǎozhuǎn.)	progresivamente	b2 adv
一开始 (yì kāishǐ)	最初	一开始他就拒绝了。(Yì kāishǐ tā jiù jùjué le.)	de entrada	b2 chunk
尽管如此 (jǐnguǎn rúcǐ)	虽然这样	尽管如此，还是失败了。(Jǐnguǎn rúcǐ, háishi shībài le.)	a pesar de ello	b2 chunk
由于缺乏 (yóuyú quēfá)	因为没有足够的	由于缺乏时间，我们简化了。(Yóuyú quēfá shíjiān…)	por falta de	b2 chunk
此外 (cǐwài)	除此以外（书面）	此外，问题依然存在。(Cǐwài, wèntí yīrán cúnzài.)	por lo demás, además	b2 conj
与…一样 (yǔ… yíyàng)	和某者相同	与邻国一样，这个国家也反应了。(Yǔ línguó yíyàng…)	al igual que	b2 chunk
有待核实 (yǒu dài héshí)	还要确认	同意，但有待核实。(Tóngyì, dàn yǒu dài héshí.)	a reserva de verificación	b2 chunk
偶然 (ǒurán)	没有计划地发生	这纯属偶然。(Zhè chún shǔ ǒurán.)	casualidad, azar	b2 adj
依然 (yīrán)	还是那样（书面）	问题依然严重。(Wèntí yīrán yánzhòng.)	todavía, sigue siendo	b2 adv
显著 (xiǎnzhù)	很明显	有显著的进步。(Yǒu xiǎnzhù de jìnbù.)	notable, significativo	b2 adj awl
若干 (ruògān)	一些，数量不定（书面）	提出了若干建议。(Tíchū le ruògān jiànyì.)	varios, algunos	b2 adj
予以 (yǔyǐ)	给予（书面）	对此予以说明。(Duì cǐ yǔyǐ shuōmíng.)	dar, otorgar	b2 verb
致使 (zhìshǐ)	导致（书面）	疏忽致使损失扩大。(Shūhu zhìshǐ sǔnshī kuòdà.)	causar que	b2 verb
权衡 (quánhéng)	比较得失后决定	要权衡利弊。(Yào quánhéng lìbì.)	ponderar, sopesar	b2 verb
赔偿 (péicháng)	因造成损失而付钱	我们要求赔偿损失。(Wǒmen yāoqiú péicháng sǔnshī.)	indemnización	b2 noun civic
