id	front	definition	example	translation	tags
it-b1-001	sviluppare (v.)	far crescere, elaborare	L'azienda ha sviluppato un'applicazione.	desarrollar	b1 verb work
it-b1-002	stabilire (v.)	fissare, creare formalmente	Abbiamo stabilito nuove regole.	establecer	b1 verb
it-b1-003	presentare (v.)	mostrare; introdurre qualcuno	Presento il progetto domani.	presentar	b1 verb work
it-b1-004	permettere (v.)	consentire; rendere possibile	Questo permette di risparmiare tempo.	permitir	b1 verb irregular
it-b1-005	richiedere (v.)	esigere come necessario	Il posto richiede un buon inglese.	requerir, exigir	b1 verb work
it-b1-006	garantire (v.)	assicurare	Garantisco che funzionerà.	garantizar	b1 verb
it-b1-007	evitare (v.)	impedire che accada	Evito le ore di punta.	evitar	b1 verb
it-b1-008	affrontare (v.)	far fronte a	Bisogna affrontare il problema.	afrontar	b1 verb
it-b1-009	superare (v.)	andare oltre; vincere	I risultati hanno superato le attese.	superar	b1 verb
it-b1-010	raggiungere (v.)	arrivare a; ottenere	Abbiamo raggiunto l'obiettivo.	alcanzar	b1 verb irregular
it-b1-011	sottolineare (v.)	mettere in evidenza	Sottolineo due punti.	subrayar, destacar	b1 verb
it-b1-012	suggerire (v.)	proporre un'idea	Suggerisco di rinviare.	sugerir	b1 verb
it-b1-013	proporre (v.)	presentare come proposta	Hanno proposto una soluzione.	proponer	b1 verb irregular
it-b1-014	rifiutare (v.)	non accettare	Ho rifiutato l'offerta.	rechazar	b1 verb
it-b1-015	ammettere (v.)	riconoscere	Ammetto di aver sbagliato.	admitir	b1 verb irregular
it-b1-016	notare (v.)	accorgersi di	Ho notato che era nervoso.	notar	b1 verb
it-b1-017	comparire (v.)	diventare visibile	È comparso un problema.	aparecer	b1 verb irregular
it-b1-018	rinunciare (v.)	abbandonare (rinunciare A)	Ha rinunciato al posto.	renunciar	b1 verb preposition
it-b1-019	insistere (v.)	ripetere con costanza	Ha insistito per pagare.	insistir	b1 verb
it-b1-020	dipendere (v.)	essere condizionato (dipendere DA)	Dipende dall'orario.	depender	b1 verb preposition
it-b1-021	essere d'accordo (loc.)	condividere l'opinione	Sono d'accordo con te.	estar de acuerdo	b1 verb chunk
it-b1-022	lamentarsi (v.)	esprimere insoddisfazione	Mi sono lamentato del servizio.	quejarse	b1 verb reflexive
it-b1-023	ringraziare (v.)	esprimere gratitudine	Ringrazio tutti.	agradecer	b1 verb
it-b1-024	approfittare (v.)	trarre vantaggio (approfittare DI)	Ho approfittato del ponte per riposare.	aprovechar	b1 verb preposition
it-b1-025	investire (v.)	impiegare risorse	Hanno investito nella tecnologia.	invertir	b1 verb money
it-b1-026	risparmiare (v.)	spendere meno	Risparmio per viaggiare.	ahorrar	b1 verb money
it-b1-027	spendere (v.)	usare denaro	Ho speso troppo questo mese.	gastar	b1 verb irregular money
it-b1-028	rimborsare (v.)	restituire il denaro	Mi hanno rimborsato il biglietto.	reembolsar	b1 verb money
it-b1-029	restituire (v.)	dare indietro	Ho restituito il libro.	devolver	b1 verb
it-b1-030	consegnare (v.)	dare in mano; far arrivare	Ho consegnato la relazione in tempo.	entregar	b1 verb work
it-b1-031	rinviare (v.)	spostare a più tardi	Abbiamo rinviato la riunione.	posponer	b1 verb work
it-b1-032	annullare (v.)	cancellare ciò che era previsto	Il volo è stato annullato.	cancelar	b1 verb
it-b1-033	prendere appuntamento (loc.)	fissare un incontro	Ho preso appuntamento dal medico.	pedir cita	b1 verb chunk
it-b1-034	metterci (v.)	impiegare tempo	Ci ho messo due ore.	tardar	b1 verb chunk keyverb
it-b1-035	sfida (s.f.)	compito difficile e stimolante	Imparare l'italiano è stata una sfida.	desafío, reto	b1 noun
it-b1-036	obiettivo (s.m.)	ciò che si vuole raggiungere	Il mio obiettivo è vivere in Italia.	objetivo	b1 noun
it-b1-037	risultato (s.m.)	ciò che si ottiene	I risultati sono positivi.	resultado	b1 noun
it-b1-038	conseguenza (s.f.)	effetto di qualcosa	Ne subiamo le conseguenze.	consecuencia	b1 noun
it-b1-039	vantaggio (s.m.)	punto favorevole	Il vantaggio è la flessibilità.	ventaja	b1 noun
it-b1-040	svantaggio (s.m.)	punto sfavorevole	Lo svantaggio è il costo.	desventaja	b1 noun
it-b1-041	rischio (s.m.)	possibilità di danno	C'è il rischio di un ritardo.	riesgo	b1 noun
it-b1-042	soluzione (s.f.)	risposta a un problema	Abbiamo trovato una soluzione.	solución	b1 noun
it-b1-043	proposta (s.f.)	suggerimento formale	La proposta è stata approvata.	propuesta	b1 noun work
it-b1-044	esame (s.m.)	prova di valutazione	Ho un esame domani.	examen	b1 noun school
it-b1-045	indagine (s.f.)	investigazione; sondaggio	Ho fatto un'indagine sul tema.	investigación; encuesta	b1 noun
it-b1-046	dati (s.m.pl.)	informazioni, numeri	I dati mostrano un calo.	datos	b1 noun
it-b1-047	relazione (s.f.)	documento di risultati; anche il rapporto	Ho scritto la relazione mensile.	informe; relación	b1 noun work keyword
it-b1-048	punto di vista (loc.)	prospettiva	Dal mio punto di vista, ha senso.	punto de vista	b1 noun chunk
it-b1-049	manodopera (s.f.)	lavoro umano disponibile	Manca manodopera qualificata.	mano de obra	b1 noun work
it-b1-050	costo della vita (loc.)	quanto costa vivere in un luogo	Il costo della vita è salito.	coste de vida	b1 noun chunk money
it-b1-051	ora di punta (loc.)	momento di maggior traffico	Evito le ore di punta.	hora punta	b1 noun chunk transport
it-b1-052	traffico (s.m.)	circolazione dei veicoli	Il traffico era terribile.	tráfico	b1 noun transport
it-b1-053	ingorgo (s.m.)	traffico bloccato	Sono rimasto due ore nell'ingorgo.	atasco	b1 noun transport
it-b1-054	multa (s.f.)	sanzione in denaro	Ho preso una multa per velocità.	multa	b1 noun transport
it-b1-055	comune (s.m.)	amministrazione della città	Il Comune ha annunciato dei lavori.	ayuntamiento	b1 noun civic keyword
it-b1-056	governo (s.m.)	chi guida il paese	Il governo ha approvato la legge.	gobierno	b1 noun civic
it-b1-057	legge (s.f.)	norma giuridica	La legge entra in vigore a gennaio.	ley	b1 noun civic
it-b1-058	diritto (s.m.)	prerogativa legale; la materia	Tutti hanno diritto alla salute.	derecho	b1 noun civic
it-b1-059	dovere (s.m.)	obbligo	È nostro dovere votare.	deber	b1 noun civic
it-b1-060	stampa (s.f.)	insieme dei media	La stampa ha seguito il caso.	prensa	b1 noun media
it-b1-061	disuguaglianza (s.f.)	differenza ingiusta	Le disuguaglianze sono aumentate.	desigualdad	b1 noun social
it-b1-062	alloggio (s.m.)	luogo dove si abita	Il problema dell'alloggio è grave.	vivienda	b1 noun social
it-b1-063	quartiere (s.m.)	parte di una città	Abito in un quartiere tranquillo.	barrio	b1 noun places
it-b1-064	periferia (s.f.)	zona esterna della città	Abita in periferia.	periferia	b1 noun places
it-b1-065	lavori (s.m.pl.)	cantiere, opere	Ci sono lavori nella strada.	obras	b1 noun
it-b1-066	ambiente (s.m.)	milieu naturale; anche una stanza	Bisogna proteggere l'ambiente.	medio ambiente	b1 noun
it-b1-067	rifiuti (s.m.pl.)	spazzatura	Faccio la raccolta differenziata dei rifiuti.	residuos, basura	b1 noun
it-b1-068	siccità (s.f.)	mancanza prolungata di pioggia	La siccità ha colpito i raccolti.	sequía	b1 noun weather
it-b1-069	alluvione (s.f.)	inondazione	L'alluvione ha colpito il centro.	inundación	b1 noun weather
it-b1-070	previsione (s.f.)	stima del futuro	Le previsioni danno pioggia.	pronóstico	b1 noun weather
it-b1-071	all'improvviso (loc.)	improvvisamente	All'improvviso ha iniziato a piovere.	de repente	b1 adv chunk
it-b1-072	poco a poco (loc.)	gradualmente	Poco a poco ho capito.	poco a poco	b1 adv chunk
it-b1-073	in realtà (loc.)	rettificando	In realtà è andata diversamente.	en realidad	b1 adv chunk
it-b1-074	inoltre (adv.)	in aggiunta	Inoltre costa meno.	además	b1 adv
it-b1-075	tuttavia (conj.)	però	Tuttavia esistono dei rischi.	sin embargo	b1 conj
it-b1-076	quindi (conj.)	per questa ragione	Piove, quindi restiamo.	por lo tanto	b1 conj
it-b1-077	nonostante (prep./conj.)	malgrado	Nonostante il freddo, siamo usciti.	a pesar de	b1 prep grammar
it-b1-078	benché (conj.)	sebbene (esige congiuntivo)	Benché sia tardi, continuo.	aunque	b1 conj grammar
it-b1-079	affinché (conj.)	perché, con lo scopo che	Parlo piano affinché capiscano.	para que	b1 conj grammar
it-b1-080	cioè (conj.)	ovvero	Domani, cioè martedì.	es decir	b1 conj
it-b1-081	perfino / addirittura (adv.)	anche, incluso	Perfino lui è venuto.	incluso	b1 adv
it-b1-082	soprattutto (adv.)	principalmente	Mi piace la musica, soprattutto il jazz.	sobre todo	b1 adv
it-b1-083	probabilmente (adv.)	con probabilità	Probabilmente sarà in ritardo.	probablemente	b1 adv
it-b1-084	attuale (adj.)	del momento presente	Nella situazione attuale è difficile.	actual	b1 adj
it-b1-085	disponibile (adj.)	che si può usare	La camera è disponibile.	disponible	b1 adj
it-b1-086	necessario / necessaria (adj.)	indispensabile	È necessario confermare prima.	necesario	b1 adj
it-b1-087	sufficiente (adj.)	che basta	Il tempo non è stato sufficiente.	suficiente	b1 adj
it-b1-088	capace (adj.)	che ha la capacità (capace DI)	È capace di risolverlo.	capaz	b1 adj
it-b1-089	quotidiano / quotidiana (adj.)	di ogni giorno	È un compito quotidiano.	cotidiano	b1 adj
it-b1-090	settimanale (adj.)	di ogni settimana	Una riunione settimanale.	semanal	b1 adj
it-b1-091	mensile (adj.)	di ogni mese	Una relazione mensile.	mensual	b1 adj
it-b1-092	efficace (adj.)	che produce l'effetto voluto	Il metodo è efficace.	eficaz	b1 adj
it-b1-093	preoccupato / preoccupata (adj.)	in ansia	Sono preoccupato per lui.	preocupado	b1 adj feelings
it-b1-094	deluso / delusa (adj.)	che ha perso le illusioni	Sono deluso dal risultato.	decepcionado	b1 adj feelings
it-b1-095	stupito / stupita (adj.)	sorpreso	Sono stupito di vederti.	sorprendido	b1 adj feelings
it-b1-096	diffidente (adj.)	che non si fida	È diffidente verso gli estranei.	desconfiado	b1 adj feelings
it-b1-097	sinceramente (adv.)	con franchezza	Sinceramente, non lo so.	sinceramente	b1 adv
it-b1-098	appena (adv.)	a stento; proprio adesso	Ho appena dormito. È appena arrivato.	apenas; recién	b1 adv keyword
it-b1-099	ormai (adv.)	a questo punto, già	Ormai è troppo tardi.	ya, a estas alturas	b1 adv
it-b1-100	prima (adv.)	precedentemente	Prima lavorava qui.	antes	b1 adv
